category,stars
Home & Garden,3.579861111111111
Fashion,3.5779220779220777
Korean,3.5714285714285716
Gay Bars,3.5714285714285716
