category,stars
Movers,3.6136363636363638
Vietnamese,3.611111111111111
Optometrists,3.611111111111111
Seafood,3.611111111111111
