category,stars
Antiques,3.9285714285714284
Comic Books,3.9285714285714284
