category,stars
Cosmetology Schools,3.3333333333333335
Irish,3.3333333333333335
Hospitals,3.3333333333333335
Laser Hair Removal,3.3333333333333335
Car Wash,3.3333333333333335
Tax Services,3.3333333333333335
Food Court,3.3333333333333335
