category,stars
Halal,3.1666666666666665
Mongolian,3.1666666666666665
Mattresses,3.1666666666666665
Ophthalmologists,3.1666666666666665
Karaoke,3.1666666666666665
