category,stars
Cosmetic Surgeons,2.8333333333333335
Home & Rental Insurance,2.8333333333333335
Auto Insurance,2.8333333333333335
