category,stars
Carpet Cleaning,4.321428571428571
Food Stands,4.321428571428571
