category,stars
Preschools,4.083333333333333
Blow Dry/Out Services,4.083333333333333
Elementary Schools,4.083333333333333
