category,stars
Barbeque,3.683333333333333
Music Venues,3.6818181818181817
Shopping,3.6749622926093513
