category,stars
Buffets,2.7142857142857144
Taxis,2.7142857142857144
