category,stars
Tanning,3.08
Drugstores,3.078125
Formal Wear,3.0714285714285716
Discount Store,3.0714285714285716
