category,stars
Japanese,3.514705882352941
Nightlife,3.5056818181818183
Bars,3.5046153846153847
