category,stars
Gas & Service Stations,3.517857142857143
Thai,3.5172413793103448
