category,stars
Appliances,3.2941176470588234
Convenience Stores,3.289473684210526
