category,stars
Fruits & Veggies,4.214285714285714
Plumbing,4.214285714285714
Watches,4.214285714285714
