category,stars
Automotive,3.5476190476190474
Tires,3.544642857142857
