category,stars
Printing Services,3.7222222222222223
Meat Shops,3.7222222222222223
Vegetarian,3.716666666666667
