category,stars
Veterinarians,4.333333333333333
Social Clubs,4.333333333333333
Landmarks & Historical Buildings,4.333333333333333
Russian,4.333333333333333
Educational Services,4.333333333333333
