category,stars
Beer,3.9262295081967213
Wine & Spirits,3.9262295081967213
