category,stars
Tapas/Small Plates,3.7916666666666665
Food,3.791311754684838
