category,stars
Specialty Schools,4.021739130434782
Health & Medical,4.011173184357542
