category,stars
Pilates,4.666666666666667
Auto Customization,4.666666666666667
