category,stars
Hotels,3.2705882352941176
Pizza,3.2698412698412698
Photography Stores & Services,3.264705882352941
