category,stars
Pawn Shops,3.6666666666666665
Clock Repair,3.6666666666666665
Gastropubs,3.6666666666666665
Resorts,3.6666666666666665
Vape Shops,3.6666666666666665
Hardware Stores,3.6666666666666665
Ramen,3.6666666666666665
Physical Therapy,3.6666666666666665
Reflexology,3.6666666666666665
Counseling & Mental Health,3.6666666666666665
