category,stars
Bakeries,3.9571428571428573
Skin Care,3.9571428571428573
