category,stars
Appliances & Repair,3.9166666666666665
Lingerie,3.9166666666666665
