category,stars
Street Vendors,4.176470588235294
Florists,4.176470588235294
