category,stars
Cajun/Creole,3.642857142857143
Pubs,3.636986301369863
Home Decor,3.627906976744186
