category,stars
Bookstores,3.9444444444444446
Sports Wear,3.9444444444444446
