category,stars
Mags,3.9204545454545454
Books,3.9204545454545454
Music & Video,3.9204545454545454
