category,stars
Auto Detailing,4.142857142857143
Eyelash Service,4.142857142857143
Performing Arts,4.142857142857143
