category,stars
Outlet Stores,4.166666666666667
Guns & Ammo,4.166666666666667
Gold Buyers,4.166666666666667
Museums,4.166666666666667
Office Cleaning,4.166666666666667
Glass & Mirrors,4.166666666666667
Print Media,4.166666666666667
Endodontists,4.166666666666667
Beer Gardens,4.166666666666667
Window Washing,4.166666666666667
Laundromat,4.166666666666667
Stadiums & Arenas,4.166666666666667
