category,stars
Contractors,3.6538461538461537
Mortgage Brokers,3.6538461538461537
