category,stars
Breakfast & Brunch,3.5591397849462365
Event Planning & Services,3.557446808510638
Fish & Chips,3.5555555555555554
