category,stars
Wineries,4.833333333333333
Challenge Courses,4.833333333333333
