category,stars
Landscaping,3.2857142857142856
Sports Bars,3.274193548387097
Italian,3.2736842105263158
