category,stars
Pediatricians,3.2142857142857144
Fabric Stores,3.2142857142857144
