category,stars
Computers,3.59375
Professional Services,3.5901639344262297
Dive Bars,3.5892857142857144
